righe_modificate,file_modificati,test_modificati,dipendenze_aggiornate,ore_da_ultima_build_verde,commit_autore_nel_repo,tipo_ramo,fallita
126,5,2,1,1.5,3,feature,0
29,10,1,0,58.5,104,feature,1
206,7,2,0,24.0,83,feature,1
253,6,1,0,4.9,237,feature,0
11,13,2,0,1.8,35,feature,0
21,5,1,0,10.8,16,feature,0
104,9,0,0,1.3,56,hotfix,0
64,3,1,0,0.7,48,feature,0
88,4,3,0,7.3,9,feature,0
35,4,1,0,13.5,75,feature,0
237,6,2,1,3.2,44,hotfix,1
212,7,0,0,4.9,204,hotfix,0
97,5,3,0,44.6,76,feature,0
311,14,2,0,14.6,31,hotfix,0
151,4,2,0,39.8,68,feature,0
35,7,3,0,15.4,81,feature,0
135,10,2,0,9.5,112,feature,0
31,13,1,0,2.6,71,hotfix,1
237,11,2,1,0.3,309,feature,0
85,4,0,1,8.1,18,feature,1
73,5,0,0,32.2,43,feature,1
43,6,0,0,2.4,31,feature,0
345,15,2,0,2.1,50,release,0
76,3,4,0,17.5,90,feature,0
56,7,4,0,1.2,85,release,0
61,3,3,0,2.7,110,feature,0
162,6,2,0,23.5,76,hotfix,0
135,4,3,0,2.6,80,release,0
142,5,1,0,21.5,77,feature,0
145,9,1,0,13.6,45,feature,0
949,19,2,0,34.6,42,feature,1
58,4,2,0,13.6,30,feature,0
51,3,2,0,1.3,115,feature,0
37,3,2,0,46.1,4,release,1
177,10,1,0,1.4,78,feature,0
312,10,2,0,6.7,133,feature,0
79,7,0,0,15.6,162,feature,0
36,2,2,0,5.3,2,feature,0
36,5,2,0,3.3,47,feature,0
184,4,2,0,13.1,32,feature,0
204,12,3,0,1.8,43,hotfix,0
164,9,1,0,0.9,189,feature,0
43,5,1,0,6.3,32,feature,0
116,3,2,0,42.4,133,feature,0
102,4,0,0,13.0,79,feature,0
114,4,3,0,2.4,41,feature,0
235,8,1,0,27.7,37,feature,1
115,7,3,0,1.1,86,feature,0
190,8,2,0,37.2,64,hotfix,1
97,12,5,0,11.7,8,feature,0
124,6,2,0,1.0,25,feature,1
180,12,3,0,16.4,88,release,0
18,4,0,0,10.1,17,release,0
63,7,1,0,9.2,148,feature,0
54,5,0,0,9.6,11,release,0
45,6,1,0,7.8,53,hotfix,0
67,5,2,0,6.5,118,feature,0
466,11,7,0,31.9,22,feature,0
35,6,2,0,5.1,16,feature,0
261,10,2,1,19.3,101,feature,1
14,7,1,0,26.3,136,release,0
62,6,3,0,28.0,57,feature,0
108,3,1,0,11.0,46,feature,0
172,8,3,0,9.8,11,feature,0
197,5,3,0,6.3,73,feature,0
215,8,4,0,2.2,6,hotfix,1
61,6,1,0,16.2,191,feature,1
54,2,3,0,13.7,59,feature,0
231,8,3,0,5.2,25,feature,1
73,3,1,0,0.8,37,hotfix,0
22,2,3,0,1.2,78,hotfix,0
26,2,2,0,7.4,43,feature,0
33,5,1,0,8.2,67,feature,0
156,6,0,1,11.2,21,feature,1
105,5,0,0,3.4,164,feature,0
192,9,2,0,21.8,37,feature,0
56,5,1,1,7.3,3,feature,1
107,7,1,0,6.8,47,hotfix,1
179,10,1,0,11.4,32,feature,1
64,16,2,1,12.1,156,feature,1
149,7,2,0,20.0,25,release,0
43,9,0,0,0.9,43,feature,1
60,6,3,0,13.3,80,release,0
59,6,2,0,10.0,111,feature,0
24,5,2,0,29.9,201,release,0
154,7,0,0,6.3,28,feature,1
54,5,1,1,13.1,184,hotfix,1
91,9,3,0,26.7,151,hotfix,1
153,5,3,0,27.4,31,feature,1
147,4,1,1,7.8,27,feature,1
187,6,2,0,1.1,95,feature,0
81,4,2,0,9.3,65,feature,1
57,4,2,0,9.4,95,release,0
82,5,3,0,29.0,49,feature,0
14,3,1,0,11.0,72,hotfix,0
18,4,2,0,7.9,60,feature,0
21,3,1,0,22.3,94,feature,0
30,6,3,0,19.7,26,release,0
140,17,5,0,17.7,77,feature,0
33,5,2,0,0.3,198,feature,0
59,4,3,1,2.4,189,feature,1
376,7,5,0,5.5,85,feature,0
61,13,1,0,5.3,26,feature,0
203,8,3,0,42.1,272,feature,0
32,4,2,0,30.5,94,feature,1
72,2,3,0,4.8,253,hotfix,0
32,5,1,0,0.9,97,feature,0
62,6,3,0,30.7,1,feature,1
227,7,1,0,1.2,271,feature,0
13,2,4,0,4.2,135,feature,0
145,4,3,0,6.5,69,hotfix,0
117,14,3,0,1.2,7,feature,0
47,5,2,0,8.9,147,feature,0
18,3,2,0,15.6,97,feature,0
97,6,1,0,8.5,330,feature,0
50,5,1,0,10.4,234,feature,0
116,4,0,1,19.4,83,feature,1
92,9,2,1,22.4,79,feature,1
524,13,2,0,0.0,98,feature,0
69,6,3,0,16.9,35,feature,0
29,10,1,0,6.8,71,feature,1
110,4,3,0,29.7,59,feature,0
115,5,1,1,7.9,180,feature,1
401,12,2,0,3.0,209,feature,0
226,11,2,0,8.5,121,feature,1
133,5,0,0,46.5,29,feature,1
450,11,4,0,13.2,284,feature,0
24,7,1,0,25.4,146,feature,1
45,15,2,0,3.8,92,feature,0
32,5,2,0,5.9,112,feature,0
59,4,0,0,10.3,14,feature,0
20,3,3,0,25.2,59,feature,0
181,7,1,0,4.9,192,feature,0
70,8,1,0,7.7,13,feature,0
18,18,2,0,0.1,12,feature,0
29,4,2,0,3.8,147,feature,0
127,7,5,0,39.3,105,hotfix,0
226,15,3,0,13.3,13,release,0
809,19,0,0,40.0,54,feature,1
2220,42,1,0,21.1,92,feature,1
142,12,0,0,28.1,83,feature,0
30,5,2,0,3.4,98,hotfix,0
9,3,1,0,69.1,50,feature,0
121,11,3,0,7.4,86,feature,0
37,2,1,1,13.5,121,hotfix,0
57,9,2,0,22.0,113,feature,0
46,5,1,0,15.7,51,feature,1
77,5,2,0,1.3,130,feature,0
291,8,1,0,9.7,25,feature,1
107,6,2,0,37.0,37,hotfix,1
76,5,2,0,36.4,147,feature,0
29,6,1,0,14.6,128,feature,0
14,4,1,0,7.8,56,feature,0
53,5,3,1,10.6,36,feature,0
85,3,1,0,4.0,41,hotfix,0
629,15,2,0,3.1,117,hotfix,0
104,5,2,0,20.9,99,release,0
265,12,1,0,3.6,34,hotfix,0
52,5,2,0,11.8,127,feature,0
24,7,2,0,43.3,54,feature,0
31,7,4,0,13.0,26,feature,0
41,7,1,0,14.7,45,feature,0
936,19,5,1,12.3,76,feature,1
36,5,4,1,34.0,124,feature,1
226,9,0,0,12.6,117,feature,0
33,5,3,0,2.6,64,hotfix,0
251,8,3,0,10.0,84,feature,1
137,5,3,1,3.8,59,feature,1
76,6,3,0,9.8,34,hotfix,0
86,3,2,0,2.9,66,feature,0
44,2,2,0,12.2,7,feature,0
147,5,0,0,5.4,212,feature,0
55,7,1,0,16.3,82,hotfix,0
23,5,3,0,8.5,102,hotfix,0
22,7,1,0,3.1,35,feature,0
109,5,2,0,6.6,82,feature,1
511,16,0,0,12.7,94,feature,0
107,4,2,0,3.9,56,feature,0
79,4,3,1,1.3,59,hotfix,1
123,10,4,0,23.2,17,feature,1
379,11,1,0,4.1,265,hotfix,0
115,8,1,0,10.7,35,release,0
57,6,0,0,5.7,39,feature,0
304,8,0,1,3.6,222,release,1
144,5,2,0,25.3,106,feature,0
488,10,3,1,54.5,124,feature,1
110,13,3,0,3.2,15,hotfix,1
23,2,1,0,14.4,81,feature,0
20,10,4,0,8.5,16,release,0
553,14,1,0,30.5,29,feature,1
599,15,1,0,10.8,293,feature,0
74,6,3,1,1.9,24,hotfix,1
59,7,0,1,30.0,120,feature,1
449,10,1,0,50.4,27,feature,1
27,2,1,1,12.9,30,feature,1
34,4,4,1,2.1,428,feature,0
183,9,1,0,29.0,64,feature,1
58,3,3,0,6.5,14,hotfix,0
90,9,2,0,3.7,124,feature,0
75,5,1,0,14.2,182,hotfix,1
130,4,1,0,39.9,133,hotfix,1
423,12,0,1,20.2,59,feature,1
99,7,0,0,19.3,61,feature,0
183,9,1,0,1.8,42,feature,1
9,8,0,0,21.4,21,hotfix,0
85,3,1,0,16.5,92,feature,0
36,8,4,0,10.4,56,feature,0
24,9,0,0,9.9,16,release,0
34,3,1,0,0.5,66,feature,1
62,3,0,0,1.1,35,feature,0
247,11,1,0,13.8,88,release,0
21,4,0,0,32.5,81,feature,1
93,10,2,0,15.3,49,feature,0
53,11,0,0,11.5,68,feature,0
63,3,1,0,3.0,74,hotfix,0
271,7,3,0,14.9,147,hotfix,0
163,7,2,0,0.1,66,hotfix,1
392,8,0,0,28.2,43,release,1
76,3,2,1,10.0,54,feature,1
42,3,1,1,6.6,250,feature,1
70,14,3,0,20.3,28,feature,1
118,7,1,0,5.9,57,release,0
109,5,2,0,20.9,57,release,0
27,3,2,1,7.8,59,feature,1
99,4,3,0,34.6,20,hotfix,1
116,5,1,0,9.0,54,feature,0
1435,27,4,0,4.5,41,feature,1
709,16,8,0,11.8,88,feature,0
35,6,3,0,12.0,163,release,0
66,5,4,0,29.7,94,feature,1
18,7,1,0,4.5,76,feature,0
47,4,2,0,23.5,102,release,0
127,13,4,0,8.0,82,feature,0
339,12,4,0,14.6,68,feature,0
40,6,0,0,20.8,142,hotfix,1
44,6,3,1,2.3,52,feature,1
8,3,0,0,5.7,19,feature,0
75,5,3,1,6.8,39,feature,1
28,4,1,0,1.7,34,hotfix,1
50,4,1,1,4.5,301,feature,1
34,2,2,0,2.2,171,feature,0
81,7,0,0,24.0,77,hotfix,1
13,8,3,0,11.2,35,feature,0
18,6,2,1,5.8,141,hotfix,1
937,20,1,1,35.3,74,hotfix,1
22,14,4,0,2.9,53,release,0
27,3,2,0,5.2,75,feature,0
679,16,5,0,25.1,54,feature,1
2199,45,4,0,1.3,101,feature,0
25,3,0,0,24.0,17,release,1
60,7,3,0,4.4,100,release,0
131,14,7,0,4.0,54,feature,0
603,14,3,0,4.6,144,feature,0
30,5,0,1,3.4,174,feature,0
69,4,6,0,5.6,203,feature,0
212,9,2,0,10.7,318,hotfix,0
145,5,3,0,5.0,198,hotfix,0
60,5,2,0,22.9,140,feature,0
78,3,1,0,3.6,21,release,0
20,1,1,0,6.7,3,feature,0
69,4,2,0,0.7,155,feature,0
67,4,1,0,14.4,29,feature,0
116,5,4,0,9.3,482,feature,0
49,7,2,0,17.1,12,hotfix,0
151,10,2,0,1.9,136,feature,0
274,10,2,0,1.3,82,feature,0
107,8,1,0,19.0,14,feature,0
133,5,2,0,5.6,82,feature,0
95,4,2,0,32.6,33,feature,1
90,7,2,0,16.4,64,feature,0
41,3,2,0,1.9,65,feature,0
128,4,1,0,1.6,34,feature,0
81,20,4,0,16.0,49,hotfix,1
900,19,7,0,17.7,31,feature,1
508,12,3,0,15.2,8,feature,0
138,5,3,0,14.5,76,feature,0
39,2,0,0,29.3,197,feature,0
26,6,4,0,25.7,33,feature,0
334,9,3,0,7.5,274,feature,0
120,9,0,0,17.3,317,hotfix,0
153,8,2,0,9.6,46,feature,0
13,4,2,0,1.7,57,feature,0
250,6,1,0,29.9,46,release,0
148,7,0,0,1.8,21,feature,0
27,5,1,0,19.9,57,feature,0
54,2,0,0,1.5,51,feature,0
120,7,1,0,3.2,75,feature,0
95,4,2,0,19.8,78,feature,0
65,9,1,1,4.4,19,hotfix,1
80,5,1,0,7.0,115,feature,0
68,4,2,0,10.4,56,hotfix,1
106,7,1,0,46.6,24,release,0
454,12,3,0,2.0,55,feature,0
5,5,0,0,2.8,81,feature,0
69,8,2,0,9.0,225,feature,0
109,7,2,1,3.0,199,feature,1
125,5,2,0,4.9,42,hotfix,1
60,5,2,0,1.0,60,feature,1
13,10,3,0,2.2,30,release,0
129,5,0,0,13.2,93,feature,0
602,15,1,0,16.3,44,feature,0
17,8,1,0,5.5,58,feature,0
233,10,3,0,6.1,160,feature,0
63,6,3,0,0.6,19,feature,1
84,6,2,0,21.8,199,feature,0
28,6,0,0,18.3,101,feature,0
62,4,2,0,30.7,192,feature,0
376,11,1,0,16.9,129,release,0
171,17,2,1,1.9,149,feature,1
605,16,3,0,27.8,72,feature,1
329,10,3,0,11.3,23,hotfix,1
146,6,3,1,32.7,39,hotfix,1
613,13,3,0,7.4,32,hotfix,1
146,7,0,1,1.7,5,release,0
224,9,4,0,7.5,159,feature,0
65,5,3,0,12.3,65,feature,0
97,19,2,0,7.4,29,feature,1
42,3,1,0,7.0,308,feature,0
267,7,3,0,18.8,408,hotfix,0
25,4,1,0,40.6,16,feature,1
213,8,2,0,7.8,57,release,0
73,4,2,0,33.0,53,hotfix,1
326,10,2,0,12.5,26,feature,0
206,9,2,0,13.4,157,feature,0
667,18,3,0,2.9,5,release,0
201,7,5,1,8.1,251,hotfix,0
16,9,4,0,4.3,74,hotfix,0
84,8,2,0,6.1,289,hotfix,0
25,3,3,0,0.7,69,feature,0
51,3,3,0,8.1,53,feature,0
475,12,3,0,5.7,166,feature,0
182,8,4,1,7.0,288,feature,1
42,6,3,0,2.7,254,feature,0
30,7,3,0,0.5,10,feature,0
93,15,3,1,10.9,206,release,1
24,2,0,0,1.1,51,feature,0
43,5,1,0,1.7,62,hotfix,1
127,15,2,0,5.7,50,feature,0
321,12,3,0,9.5,39,feature,0
176,5,1,0,2.8,57,feature,0
7,5,1,0,1.1,25,hotfix,1
126,6,0,0,7.4,207,hotfix,0
97,5,0,0,30.5,128,feature,1
142,5,2,0,10.1,87,feature,1
533,13,0,0,7.7,50,feature,0
9,8,4,1,2.6,41,feature,1
47,4,1,0,11.9,104,feature,0
172,9,1,1,0.9,90,feature,1
16,7,1,0,21.0,176,hotfix,0
456,17,4,0,41.7,42,hotfix,1
135,5,3,0,21.7,38,feature,0
228,8,2,0,0.1,124,hotfix,0
48,4,1,0,9.5,146,feature,0
220,8,2,0,22.8,386,release,0
292,9,5,0,21.5,9,feature,0
116,4,3,0,0.1,216,feature,0
116,7,4,0,10.7,81,hotfix,1
121,16,2,1,28.4,45,feature,1
35,6,0,0,13.2,105,hotfix,0
77,3,0,0,34.4,102,release,0
76,4,1,0,15.3,46,feature,0
137,7,2,1,18.2,10,feature,1
270,7,3,0,6.4,216,feature,0
28,9,2,0,38.6,35,feature,0
78,3,0,0,12.5,29,feature,0
459,13,2,0,23.7,38,release,0
40,2,2,0,0.3,140,feature,0
36,5,2,0,29.1,52,feature,1
112,4,5,0,4.9,39,feature,0
228,10,3,1,1.4,99,release,1
91,9,0,1,5.7,88,release,1
388,12,1,1,7.1,40,feature,1
231,12,0,1,7.7,10,feature,1
227,5,4,0,2.5,137,hotfix,0
166,7,2,1,1.8,89,feature,1
1165,25,8,1,9.1,6,release,1
72,7,5,0,1.4,240,release,1
10,6,4,0,21.0,5,hotfix,0
526,15,3,0,17.8,32,feature,0
54,6,1,0,13.0,34,hotfix,1
101,4,1,0,6.3,41,release,0
380,9,0,0,0.5,39,feature,1
15,9,0,0,3.0,18,hotfix,0
23,8,5,0,0.7,82,feature,0
15,6,3,0,4.1,156,release,0
38,7,2,1,22.6,81,feature,0
146,10,1,0,1.8,94,feature,0
160,8,3,0,29.6,53,feature,0
122,11,5,0,5.9,78,feature,0
19,9,6,1,1.1,100,feature,0
7,16,2,1,1.1,128,release,0
96,5,3,0,10.3,36,feature,0
54,4,3,0,10.0,31,release,0
149,8,4,0,5.8,3,feature,0
195,15,2,0,0.9,294,feature,0
105,11,4,0,12.8,280,release,0
208,10,1,0,6.6,67,feature,0
116,11,4,0,2.0,70,hotfix,1
161,8,1,0,1.9,227,release,0
41,4,2,0,4.9,19,feature,0
74,15,3,0,2.2,28,hotfix,0
112,7,2,0,17.8,238,feature,0
222,12,3,0,9.5,52,feature,0
58,2,1,0,17.0,24,feature,1
160,4,1,0,15.4,104,hotfix,1
67,6,3,1,30.9,36,feature,1
79,4,0,0,5.1,208,feature,0
224,9,3,0,5.2,78,release,0
10,3,1,0,6.8,38,feature,0
22,18,4,0,3.8,40,release,0
18,8,1,1,8.3,100,feature,0
7,10,4,0,13.0,58,feature,0
43,2,1,0,6.3,51,feature,0
205,10,2,0,19.5,132,feature,0
66,5,0,0,4.3,230,feature,0
112,12,1,1,0.6,117,hotfix,1
298,11,2,0,31.1,33,hotfix,1
388,11,2,0,20.3,22,feature,0
83,3,2,0,10.3,126,feature,0
399,11,1,0,2.4,117,feature,0
100,10,1,0,2.8,48,feature,0
36,11,1,0,15.8,59,feature,0
47,4,4,0,50.3,35,feature,1
18,16,3,0,14.3,23,hotfix,0
34,9,0,1,18.5,39,release,1
61,4,1,0,3.4,2,hotfix,1
218,6,1,0,16.0,179,feature,0
598,14,4,0,5.3,15,feature,0
20,4,0,0,23.8,68,feature,0
139,8,1,0,12.9,4,feature,1
29,5,1,0,5.7,114,feature,0
152,6,2,0,11.7,143,release,0
78,3,3,1,4.5,74,feature,0
12,7,0,0,1.8,64,feature,0
250,6,2,0,23.7,35,feature,0
46,9,3,1,11.8,176,release,0
50,2,0,0,3.4,11,feature,0
28,2,2,0,2.2,45,hotfix,0
44,3,1,0,9.6,31,feature,0
144,6,1,0,0.7,30,feature,0
73,4,3,0,2.7,172,hotfix,0
129,5,1,0,5.1,61,feature,0
134,7,1,0,19.8,35,hotfix,0
385,9,1,0,4.7,92,feature,0
62,6,3,0,20.2,85,feature,0
18,1,2,0,22.1,141,feature,0
291,7,3,0,31.5,100,hotfix,0
63,3,2,0,6.0,64,hotfix,0
307,13,2,0,1.4,68,feature,0
137,5,2,0,5.6,97,feature,0
78,7,3,1,10.3,26,feature,1
132,4,0,0,11.2,84,feature,0
770,23,5,0,2.4,226,feature,0
884,19,3,1,5.4,74,feature,1
97,6,3,1,3.7,49,release,1
107,4,0,0,10.6,49,feature,0
294,7,3,0,4.1,93,feature,0
36,4,4,0,3.0,80,release,0
130,5,5,0,8.3,119,feature,0
87,9,1,0,4.1,37,hotfix,0
127,7,0,0,0.8,58,feature,1
36,3,5,0,18.0,135,feature,0
16,7,1,0,2.0,144,feature,0
9,4,1,1,0.4,144,feature,1
26,7,0,0,7.8,124,hotfix,0
54,4,0,0,2.9,127,feature,0
65,7,5,0,0.7,84,feature,0
758,16,4,0,5.3,14,feature,0
304,13,2,0,4.4,16,feature,0
31,2,1,0,42.6,73,feature,0
132,4,0,0,23.4,75,hotfix,0
58,5,4,0,11.7,29,feature,0
66,4,2,0,8.7,31,feature,0
110,5,4,0,20.1,63,feature,1
178,9,0,0,17.0,326,feature,0
62,4,1,0,6.4,24,feature,0
290,10,3,0,21.5,47,hotfix,1
26,3,0,0,12.2,141,hotfix,0
91,3,0,0,39.0,121,feature,1
1568,33,5,0,10.1,89,feature,0
115,13,1,0,20.6,7,feature,0
436,12,3,0,37.6,55,hotfix,1
100,6,1,0,29.1,263,feature,0
171,7,1,0,19.0,30,feature,1
85,11,0,0,16.6,29,release,0
75,6,2,0,10.9,218,feature,0
38,8,2,0,10.8,63,hotfix,0
145,9,2,0,2.5,8,feature,0
35,9,1,0,9.3,20,feature,0
187,7,0,0,7.8,38,feature,1
297,8,2,0,7.6,86,feature,0
135,8,2,0,0.4,57,feature,1
66,9,1,1,5.0,27,feature,1
148,11,3,0,14.0,57,hotfix,0
64,11,2,0,6.1,30,feature,0
252,11,3,0,9.4,275,feature,0
12,3,3,0,3.5,19,feature,0
62,6,2,0,3.7,44,feature,0
10,5,1,0,1.1,38,hotfix,0
17,5,3,0,14.2,38,feature,0
404,13,2,0,0.3,22,release,0
241,8,0,0,2.8,206,feature,0
41,4,2,0,2.3,345,feature,0
17,12,0,0,7.1,95,hotfix,0
3,4,1,0,3.1,88,feature,0
50,9,0,0,22.7,11,feature,1
1290,30,2,0,6.0,202,feature,0
145,7,2,0,5.5,30,hotfix,1
49,5,1,1,9.2,9,feature,1
150,5,2,0,8.2,110,feature,0
16,2,1,0,1.2,162,feature,0
65,7,1,0,23.5,200,feature,0
100,7,4,0,6.7,44,release,0
82,8,5,0,21.3,39,feature,0
215,7,1,0,19.3,82,feature,0
132,15,1,0,7.0,57,feature,0
188,9,0,0,11.0,112,feature,0
42,5,3,1,0.6,83,release,1
242,5,4,0,0.7,27,feature,0
540,12,4,0,2.8,205,hotfix,0
31,8,4,0,11.9,112,feature,0
34,10,2,0,7.8,159,feature,0
391,11,3,1,22.7,28,feature,0
73,12,4,0,7.7,110,feature,0
422,9,2,1,3.8,136,feature,1
55,7,1,0,11.4,80,feature,0
446,13,2,0,3.1,21,release,0
104,8,4,0,7.3,73,hotfix,0
120,7,1,0,20.8,126,feature,0
503,14,3,1,27.4,168,feature,1
60,3,1,0,0.5,12,hotfix,1
32,10,3,0,12.5,79,feature,0
55,8,1,0,22.1,16,feature,0
148,8,2,0,0.9,127,hotfix,0
16,8,1,0,7.0,155,feature,0
181,12,2,0,2.0,25,feature,0
50,7,0,0,6.4,20,feature,0
318,19,3,0,31.5,37,feature,1
6,7,3,0,3.0,59,feature,0
38,3,1,0,7.0,32,hotfix,0
14,5,3,0,18.6,136,release,0
36,8,1,1,4.7,168,feature,1
118,11,0,1,2.6,76,hotfix,1
74,6,1,0,12.4,34,release,0
68,4,0,0,6.0,57,feature,0
76,5,5,0,9.6,76,release,0
113,4,1,0,8.5,54,release,0
30,7,3,0,1.2,64,hotfix,1
196,7,1,0,33.8,158,release,1
187,6,1,0,7.0,31,feature,0
137,10,0,0,3.7,292,feature,0
166,13,3,0,6.8,78,release,0
125,5,1,0,3.8,52,hotfix,1
844,19,0,0,7.3,30,feature,0
82,5,1,0,10.2,33,feature,0
64,11,1,0,1.0,69,feature,0
39,5,0,0,26.2,77,hotfix,1
29,3,1,0,1.1,50,feature,0
23,5,2,0,1.8,16,feature,0
34,9,2,0,32.3,69,feature,0
83,5,0,0,6.5,34,feature,0
130,5,4,0,35.4,8,release,1
95,6,5,0,2.8,115,feature,0
39,3,3,0,8.3,10,feature,0
242,8,2,0,5.6,48,feature,0
203,7,1,0,5.3,62,hotfix,1
76,16,2,1,25.4,186,feature,1
44,2,3,0,2.7,9,feature,0
165,5,2,0,5.0,126,feature,0
111,5,3,0,1.0,142,release,0
18,3,2,0,19.4,230,hotfix,0
84,7,2,0,1.2,164,hotfix,0
120,5,1,1,1.2,64,feature,1
33,2,3,0,2.8,130,release,0
111,6,3,0,14.3,193,hotfix,0
18,4,2,0,13.7,6,feature,0
391,9,1,0,11.3,16,release,0
355,16,6,0,43.9,84,hotfix,0
68,7,7,0,17.6,141,hotfix,0
134,8,2,0,5.4,112,hotfix,0
6,6,3,1,7.2,91,feature,1
25,6,2,0,4.2,228,feature,0
65,5,2,0,24.2,50,feature,1
28,3,1,0,17.4,33,feature,0
198,8,2,0,4.3,41,feature,0
810,17,3,0,7.2,86,feature,0
25,2,2,0,3.7,62,release,0
36,3,4,0,8.7,147,feature,0
117,5,2,1,3.9,35,hotfix,1
530,16,2,0,20.0,95,feature,0
23,5,0,0,19.1,131,feature,0
118,5,2,0,17.4,193,feature,0
667,13,3,1,15.7,19,feature,1
15,9,2,0,1.6,40,feature,0
22,4,1,0,1.3,58,feature,0
56,2,1,0,32.0,13,feature,1
51,5,2,1,26.5,90,feature,1
220,10,2,0,11.0,89,feature,0
117,4,4,0,7.1,83,feature,0
13,5,1,0,8.8,54,feature,0
159,7,3,0,19.5,177,feature,0
48,3,2,0,15.7,41,feature,0
366,15,0,1,7.1,165,hotfix,0
45,6,0,0,4.9,40,feature,0
45,4,2,0,2.2,19,hotfix,0
163,7,2,0,16.6,64,hotfix,0
208,5,3,0,0.8,76,feature,1
147,4,2,0,2.2,97,feature,0
14,4,4,0,16.7,3,feature,0
163,6,1,0,8.9,49,feature,0
29,4,3,0,2.6,276,feature,0
117,11,2,0,1.4,37,feature,0
19,7,4,1,37.6,142,release,1
147,4,2,0,1.6,490,feature,0
37,9,3,0,1.7,314,feature,0
22,4,3,1,2.9,22,release,0
197,10,4,0,13.4,133,feature,0
117,5,0,0,12.8,140,feature,0
46,5,2,0,3.6,116,feature,0
444,9,4,0,3.5,18,feature,0
55,6,4,0,6.2,82,release,0
93,9,4,0,16.4,82,feature,0
121,4,1,1,10.0,15,feature,1
46,8,2,0,13.3,52,feature,0
151,5,3,0,7.4,85,feature,0
50,12,2,0,8.2,63,feature,0
57,8,1,0,1.0,123,feature,0
403,13,3,0,10.0,50,feature,0
29,4,1,1,1.3,75,feature,1
6,17,2,0,35.8,150,hotfix,1
530,12,2,0,7.7,252,release,0
1487,27,2,0,8.5,18,hotfix,1
58,4,1,0,29.7,119,feature,0
11,8,2,0,22.5,43,hotfix,0
64,6,1,0,11.2,98,release,0
66,5,3,0,11.8,16,feature,0
73,5,1,0,4.0,180,feature,0
26,4,0,1,6.3,30,feature,0
170,6,4,0,0.6,152,release,0
160,9,3,0,5.0,19,release,1
17,4,0,0,2.5,12,hotfix,0
194,6,2,0,10.1,56,feature,0
861,22,3,0,0.3,83,release,0
109,4,1,1,12.7,335,feature,0
62,6,1,0,11.2,81,feature,0
77,3,2,0,21.1,22,feature,1
177,5,1,0,8.0,133,hotfix,0
13,4,4,0,17.4,204,hotfix,0
108,5,4,0,15.9,28,feature,0
59,4,3,0,3.4,147,feature,0
687,18,6,0,9.7,184,feature,0
74,8,2,0,25.1,135,feature,0
564,15,5,0,9.3,35,hotfix,1
27,3,3,0,5.4,84,feature,0
172,7,1,1,21.2,98,feature,0
128,14,1,0,1.6,176,feature,1
35,16,1,0,2.8,38,hotfix,1
109,9,2,0,0.8,150,hotfix,0
342,8,2,0,0.3,61,feature,0
63,5,0,0,3.8,49,feature,1
14,5,2,0,5.8,72,release,0
88,6,0,0,20.7,2,feature,1
33,9,2,0,42.7,4,feature,0
62,8,2,0,17.8,7,feature,0
82,4,2,0,3.3,101,release,0
14,3,1,0,0.7,55,hotfix,0
15,8,3,1,37.6,36,feature,1
153,12,2,0,9.0,67,feature,0
51,6,3,0,9.9,153,feature,0
5,10,1,0,37.3,64,feature,0
213,8,2,0,24.1,21,feature,0
121,5,2,0,7.2,375,feature,0
41,7,1,0,30.6,70,feature,1
21,20,1,0,1.2,185,feature,0
226,6,4,0,1.1,136,feature,0
132,12,3,1,0.2,46,feature,1
1238,27,5,0,2.2,250,hotfix,0
143,5,3,0,13.7,39,feature,0
138,4,1,0,16.7,100,hotfix,0
75,2,2,0,0.2,89,release,0
221,7,3,0,12.3,96,release,0
179,8,2,0,9.7,219,feature,0
357,13,5,0,5.9,71,feature,0
51,9,4,0,4.1,84,feature,0
56,6,1,0,6.3,88,feature,0
53,6,3,1,20.4,325,feature,0
215,7,1,0,2.2,175,feature,0
468,13,3,0,13.9,11,feature,0
54,4,1,1,0.1,40,hotfix,1
56,3,2,0,21.8,76,feature,0
127,7,2,0,3.8,215,release,0
69,8,2,0,3.0,231,hotfix,0
257,6,5,0,1.0,68,feature,0
8,3,2,0,8.6,39,feature,0
36,5,1,0,16.4,59,feature,0
38,5,2,0,7.0,79,release,0
7,6,2,0,0.3,55,hotfix,0
31,12,4,0,22.7,189,feature,0
33,2,1,0,8.9,50,feature,0
72,13,4,0,0.1,29,feature,0
306,17,1,0,8.8,58,release,0
69,8,0,0,0.3,93,release,0
29,5,0,0,43.4,192,hotfix,1
85,4,2,0,12.2,26,feature,0
285,12,1,0,1.2,93,feature,1
31,6,3,0,23.3,96,feature,0
33,4,0,0,3.0,112,feature,0
166,10,3,0,7.9,50,feature,0
71,9,0,0,4.1,110,hotfix,0
184,13,4,0,0.6,133,release,0
89,4,3,1,0.3,50,feature,1
195,12,4,0,13.7,84,feature,0
29,4,1,0,3.2,61,feature,0
89,6,3,0,4.7,33,release,1
71,7,2,0,16.5,17,hotfix,1
24,9,4,0,4.5,39,feature,0
16,7,2,0,11.5,42,feature,0
191,7,4,1,31.8,16,feature,1
61,2,1,0,13.7,104,feature,0
29,6,1,0,2.5,141,feature,0
81,6,2,0,3.1,60,feature,0
311,7,5,0,11.9,68,feature,0
7,5,1,0,2.0,44,feature,1
17,5,1,0,15.4,65,feature,0
33,10,1,0,61.5,111,hotfix,1
449,20,2,0,4.8,94,feature,0
123,10,4,1,7.5,65,feature,1
209,8,2,0,19.2,42,release,0
26,5,4,0,1.3,132,feature,0
26,3,2,1,23.1,46,feature,0
147,5,1,0,14.6,18,feature,0
96,6,6,1,3.0,80,hotfix,0
165,7,1,0,9.6,8,feature,0
73,3,1,0,9.3,90,feature,1
122,12,3,0,5.0,96,feature,0
107,12,2,0,67.8,38,hotfix,1
212,13,2,0,17.7,44,feature,0
219,14,1,1,18.1,147,feature,1
15,15,2,1,7.8,302,feature,0
8,3,1,1,16.0,72,feature,1
271,19,2,0,18.3,39,feature,0
332,9,4,0,2.2,97,feature,0
29,7,1,0,4.1,62,feature,0
12,2,1,0,4.2,91,feature,0
100,5,2,0,8.7,80,hotfix,0
251,12,0,0,15.9,82,feature,0
650,17,6,0,2.0,5,feature,0
159,6,3,0,22.7,44,release,0
60,6,0,0,9.6,40,hotfix,1
34,4,1,0,11.1,39,feature,1
91,9,2,0,21.7,118,release,0
65,11,4,1,13.0,20,feature,1
29,3,1,0,1.8,5,hotfix,0
857,19,8,0,9.6,38,feature,0
641,13,4,0,4.7,31,feature,0
314,10,4,0,24.1,72,release,1
33,7,1,0,11.8,30,feature,1
231,9,2,0,21.9,54,hotfix,0
182,9,3,0,3.7,47,feature,0
146,7,5,0,10.0,184,feature,0
356,10,2,0,11.6,31,release,0
181,7,3,0,27.5,112,feature,0
203,7,6,1,10.0,64,hotfix,1
181,6,3,1,13.7,150,hotfix,1
131,8,3,0,9.3,228,feature,0
13,10,2,0,7.0,63,feature,0
99,4,0,0,2.1,9,feature,0
49,5,2,0,4.9,20,feature,1
22,3,3,1,5.6,15,feature,1
572,13,3,0,30.5,44,feature,1
603,14,6,1,9.5,38,hotfix,1
401,12,4,0,6.8,83,feature,0
119,7,0,0,3.0,141,hotfix,0
398,11,0,0,8.8,8,feature,1
91,7,1,1,3.6,69,feature,1
113,4,5,0,15.0,32,feature,0
27,5,5,0,6.1,71,feature,0
139,9,3,0,29.2,44,feature,1
96,4,0,0,1.8,122,feature,0
21,2,1,0,17.3,22,hotfix,0
85,9,1,0,18.0,34,hotfix,0
82,4,3,0,1.3,59,feature,0
650,14,0,0,6.5,49,hotfix,1
241,11,0,0,9.3,59,release,1
91,4,4,0,0.8,11,feature,0
118,9,0,0,0.2,203,release,0
95,4,2,1,1.5,41,feature,1
72,4,2,0,0.4,24,feature,0
27,3,1,0,3.3,61,feature,0
76,4,0,0,40.4,69,hotfix,1
40,7,1,0,9.5,272,hotfix,0
23,4,0,0,11.1,159,release,0
158,10,4,0,1.2,48,release,0
138,7,0,0,13.3,237,feature,0
13,5,3,0,5.7,203,feature,0
79,4,2,0,72.7,24,feature,0
269,13,3,0,7.6,319,feature,0
289,12,1,1,24.0,42,feature,1
278,11,2,0,3.4,77,release,0
94,6,1,0,17.8,180,feature,0
36,3,0,1,8.2,8,feature,1
27,5,1,0,2.1,59,release,0
132,8,4,0,10.5,87,hotfix,1
137,8,2,1,2.6,154,feature,1
371,12,3,0,2.9,66,feature,1
302,10,2,1,52.7,8,hotfix,1
78,4,4,0,6.1,271,feature,0
23,3,3,0,13.2,68,feature,0
63,3,1,0,4.2,90,feature,0
114,10,5,0,24.2,12,feature,1
72,14,2,1,3.9,197,feature,1
48,21,0,1,24.4,42,feature,1
119,7,1,0,40.3,32,feature,1
52,6,1,0,17.5,164,feature,0
45,5,1,0,16.4,14,feature,0
127,7,2,0,20.9,91,feature,0
58,3,0,1,1.8,31,feature,1
118,6,6,0,21.4,101,feature,0
122,5,2,0,6.7,124,release,0
26,4,1,1,9.5,41,feature,1
53,4,4,0,7.2,188,feature,0
438,13,3,0,27.8,69,feature,0
25,7,1,0,4.9,273,hotfix,0
9,5,1,0,5.7,166,feature,0
12,3,1,0,27.6,76,feature,1
93,4,2,0,2.9,75,hotfix,0
93,8,3,0,12.6,16,hotfix,1
79,6,4,0,6.3,164,feature,0
342,7,5,0,10.4,37,feature,0
5,5,3,0,4.9,83,release,0
139,8,1,1,15.9,272,release,1
501,10,4,0,1.4,185,hotfix,1
26,6,2,0,19.3,26,hotfix,1
59,3,0,1,3.0,69,hotfix,1
39,3,3,0,13.1,91,release,0
34,2,1,0,6.1,203,feature,0
63,4,0,0,13.0,180,release,0
433,9,3,0,37.1,111,hotfix,1
679,19,3,0,12.1,103,feature,0
62,5,1,0,24.5,68,feature,0
732,16,1,0,4.7,88,feature,0
94,10,2,0,19.1,54,hotfix,1
620,18,4,0,3.2,134,feature,0
81,5,4,0,12.0,107,feature,0
104,7,0,0,18.7,159,feature,0
135,5,3,0,0.1,156,feature,0
2971,54,3,0,6.7,37,feature,1
230,6,4,0,5.9,3,feature,0
41,6,3,1,13.3,34,feature,1
261,13,1,0,6.8,88,feature,0
60,9,1,0,21.6,54,feature,0
53,5,1,0,14.8,52,feature,0
245,6,0,0,20.7,32,feature,0
93,5,1,0,6.8,99,release,0
122,6,2,1,17.2,110,hotfix,1
91,3,1,0,3.3,112,hotfix,0
130,4,3,0,65.4,157,feature,1
144,12,3,0,3.4,525,feature,0
11,7,5,0,8.9,2,hotfix,0
187,9,5,0,23.7,108,feature,0
31,7,1,0,9.7,126,feature,0
18,2,3,0,5.6,34,feature,0
84,4,3,0,16.8,58,feature,0
99,7,1,0,2.1,43,feature,0
42,6,3,0,1.8,114,feature,0
225,6,2,0,6.5,170,feature,0
21,5,2,0,22.7,19,feature,0
58,5,3,0,15.0,100,feature,0
47,8,1,1,10.0,198,hotfix,1
86,7,1,1,2.9,37,release,1
122,13,4,0,9.2,28,feature,0
30,4,1,1,9.7,24,feature,1
200,6,2,0,7.4,30,feature,0
96,12,3,0,4.8,268,feature,0
11,6,5,0,4.9,315,hotfix,0
10,4,2,1,0.5,218,hotfix,0
89,4,1,0,5.4,53,feature,0
71,5,2,0,13.5,224,hotfix,0
80,5,2,0,2.8,23,feature,0
87,4,1,0,1.4,136,feature,0
115,3,2,0,9.6,40,release,0
255,8,0,0,19.2,19,feature,1
27,7,0,0,0.6,97,feature,0
25,9,3,1,2.2,99,hotfix,1
27,8,3,0,10.0,107,feature,0
124,10,2,0,29.3,118,feature,1
354,8,4,0,10.2,93,feature,0
56,6,0,0,8.8,63,feature,0
6,6,3,0,55.9,74,feature,0
14,6,0,0,26.5,138,feature,0
36,5,2,0,6.5,90,feature,0
49,6,1,0,35.0,45,feature,0
57,8,1,0,16.4,33,feature,1
94,7,2,1,4.7,74,hotfix,1
64,8,3,0,2.1,197,feature,0
286,8,2,0,2.8,119,feature,0
43,7,3,0,6.7,206,hotfix,0
35,5,0,0,1.9,52,feature,0
152,10,4,1,37.0,84,feature,1
17,3,4,0,3.6,96,feature,0
138,9,0,0,30.6,143,feature,0
101,5,2,0,12.8,52,release,0
77,8,3,0,29.5,119,feature,0
517,14,2,0,1.2,189,hotfix,0
45,5,0,0,9.5,66,feature,0
868,18,0,0,3.0,29,feature,0
70,5,1,0,49.9,194,feature,0
22,4,0,0,25.5,128,feature,1
97,5,2,0,3.9,14,feature,0
28,6,2,0,38.4,68,feature,1
39,2,3,0,16.3,280,feature,0
139,9,2,0,11.5,111,hotfix,0
166,10,0,0,23.1,74,release,0
45,5,3,0,10.5,25,feature,1
267,9,2,0,22.1,25,release,0
322,8,3,0,13.0,136,feature,0
437,13,2,0,0.8,28,feature,1
161,5,0,0,6.3,96,feature,1
403,8,1,0,10.4,66,feature,0
11,9,2,0,13.3,91,feature,0
63,3,1,0,2.4,61,feature,0
35,5,5,0,16.7,107,hotfix,0
103,7,0,0,11.5,156,feature,0
48,7,1,0,20.6,62,hotfix,1
75,6,1,0,23.5,145,feature,0
714,17,5,0,29.1,212,feature,1
75,5,3,0,6.0,95,feature,0
142,4,1,0,6.2,133,feature,0
70,5,1,0,21.5,19,feature,0
98,8,5,0,1.4,63,hotfix,0
91,4,3,0,10.0,12,feature,1
147,7,2,0,2.3,44,feature,0
324,17,1,0,5.0,64,hotfix,0
551,13,3,0,44.0,298,feature,0
127,6,2,0,2.5,34,release,1
172,5,2,0,2.4,71,feature,0
25,3,4,0,13.7,28,feature,0
82,4,3,0,0.3,59,feature,0
253,10,0,0,1.3,109,feature,0
233,6,1,0,18.5,123,feature,0
114,7,3,0,18.2,52,feature,0
239,7,3,0,4.0,39,release,0
154,4,1,0,16.6,234,hotfix,1
337,12,2,0,10.5,48,feature,1
124,6,5,0,0.1,4,feature,0
61,7,3,0,0.1,190,hotfix,1
130,4,4,0,14.3,7,feature,0
4,1,1,0,4.3,190,feature,0
137,7,0,0,7.6,12,feature,1
2,2,1,0,0.3,16,feature,0
14,5,1,0,11.5,22,feature,0
148,7,3,0,8.4,45,hotfix,0
152,7,1,1,11.2,191,feature,1
25,8,0,0,3.3,23,hotfix,0
41,6,1,1,0.4,108,release,0
407,19,4,1,1.8,89,feature,1
53,4,2,0,17.0,77,hotfix,0
1061,20,5,0,33.1,165,feature,0
90,4,0,0,2.2,82,release,0
141,6,0,1,27.4,88,feature,1
533,21,4,0,12.3,132,feature,0
104,6,2,0,39.6,46,feature,1
30,9,4,1,1.0,71,release,0
80,5,1,0,12.8,95,feature,0
87,5,1,1,15.9,153,hotfix,1
20,2,5,0,1.6,63,feature,0
68,13,1,0,1.8,70,feature,0
40,10,2,0,5.7,106,feature,0
249,9,0,0,8.2,64,feature,0
94,5,1,0,16.0,35,feature,0
66,6,2,0,14.7,132,feature,0
80,3,2,0,18.5,83,hotfix,1
115,8,3,0,16.5,50,hotfix,1
177,12,6,0,2.9,22,feature,0
30,10,5,1,47.5,7,feature,1
29,2,3,0,3.7,111,feature,1
303,13,5,0,10.5,34,hotfix,0
57,3,2,0,11.7,11,hotfix,1
19,2,3,0,22.6,30,hotfix,1
147,11,1,0,23.1,95,hotfix,1
150,6,1,0,7.0,34,feature,0
17,8,0,0,13.6,97,feature,0
116,9,2,1,0.9,42,hotfix,1
202,10,5,0,2.7,71,feature,0
136,7,0,0,1.1,77,feature,1
180,5,3,0,7.6,126,feature,0
19,4,0,1,19.4,130,hotfix,1
130,12,4,0,4.9,73,feature,0
65,9,0,0,12.5,26,release,0
53,5,1,1,5.7,179,feature,1
235,8,3,1,23.2,49,feature,1
458,14,0,0,19.4,92,feature,1
648,16,4,0,26.7,95,hotfix,1
382,10,5,0,2.8,51,feature,0
80,7,3,0,3.8,13,release,0
133,8,2,0,0.7,9,feature,1
209,6,3,0,1.6,54,hotfix,1
103,7,6,0,3.4,24,hotfix,0
104,7,1,0,22.9,152,feature,1
223,8,3,0,16.4,52,hotfix,1
84,4,1,0,7.8,46,feature,0
40,4,2,0,14.8,276,hotfix,1
57,3,1,1,15.3,3,hotfix,1
181,8,2,0,20.7,70,feature,1
90,3,1,0,4.1,7,feature,1
131,12,3,0,0.5,193,release,0
188,12,2,0,10.0,11,release,0
60,7,2,1,7.3,98,feature,1
207,11,2,0,4.2,87,release,0
137,9,1,0,12.1,7,feature,0
23,5,4,0,7.7,99,feature,0
440,11,1,0,20.0,41,feature,0
52,5,2,0,6.3,116,feature,0
15,11,1,0,1.5,39,feature,0
29,3,1,0,0.3,99,feature,0
29,3,2,0,3.9,64,feature,0
95,9,2,1,6.0,99,feature,1
67,8,2,0,22.5,114,hotfix,0
62,5,2,0,7.0,58,hotfix,0
178,9,6,0,8.0,49,release,0
131,9,5,0,2.7,111,feature,0
127,4,1,1,20.7,42,hotfix,1
141,12,0,0,18.3,59,feature,0
177,9,2,0,49.2,223,feature,1
9,6,2,0,23.1,71,hotfix,0
60,8,1,0,33.1,130,feature,1
8,5,4,0,1.4,36,hotfix,0
94,6,0,0,21.6,98,feature,1
90,6,0,0,0.4,60,feature,0
284,7,3,0,72.4,50,feature,1
332,18,4,0,7.2,6,feature,0
113,6,1,0,2.0,24,feature,0
52,14,5,1,1.7,289,feature,1
153,7,2,0,31.7,63,feature,1
50,4,3,0,9.8,71,hotfix,0
90,11,3,0,0.1,149,feature,0
266,10,3,0,17.7,90,feature,0
49,17,4,0,17.5,50,feature,0
218,7,1,1,8.9,50,feature,1
190,13,3,0,2.6,22,feature,0
31,10,5,1,2.7,105,feature,0
263,11,1,0,5.6,108,hotfix,1
194,13,3,0,9.4,72,feature,0
101,6,3,0,46.3,62,hotfix,1
39,3,0,1,12.1,109,feature,1
35,4,2,0,2.9,21,feature,0
50,6,3,1,11.4,95,feature,0
164,10,2,0,39.7,232,feature,0
31,3,1,0,2.9,37,feature,0
146,6,2,0,2.6,56,feature,0
23,3,1,0,0.4,187,feature,0
72,9,4,0,10.5,72,feature,0
102,14,2,0,0.6,138,feature,1
1326,25,3,0,62.5,99,hotfix,1
20,7,1,0,27.3,107,hotfix,0
455,16,2,0,1.8,35,feature,0
106,6,1,0,3.3,33,feature,0
141,4,1,0,3.6,124,feature,0
103,11,0,0,1.3,14,hotfix,1
147,4,1,0,19.6,59,feature,1
76,12,1,0,18.1,109,feature,0
446,10,5,0,3.7,56,release,0
54,3,2,0,17.9,62,feature,0
313,9,2,0,13.1,144,feature,0
44,5,4,0,4.7,205,hotfix,0
84,6,1,0,7.4,376,release,0
28,7,2,0,39.1,191,feature,0
148,8,2,0,38.4,45,feature,1
441,19,5,0,22.5,29,feature,0
83,6,4,0,3.7,46,feature,0
72,7,5,0,10.9,111,feature,0
26,6,3,0,31.1,51,feature,1
70,3,3,1,3.6,36,feature,1
16,2,0,0,13.7,224,hotfix,1
33,5,1,0,2.1,49,release,0
116,8,2,0,10.2,104,hotfix,0
384,8,0,0,17.9,101,feature,0
1979,45,4,0,83.0,6,feature,1
47,7,2,0,8.5,214,feature,0
437,12,3,0,40.0,20,feature,0
118,8,2,0,23.7,12,feature,1
76,5,3,0,14.8,44,hotfix,1
145,7,1,0,6.9,29,feature,0
96,7,3,0,23.8,188,feature,0
102,11,2,0,30.8,89,feature,0
57,5,2,0,5.9,40,release,0
19,2,0,0,10.3,12,feature,0
16,3,3,0,12.4,98,feature,0
185,7,0,0,37.2,54,feature,1
66,3,1,0,8.3,110,release,0
47,3,1,0,13.1,90,feature,0
91,4,6,0,50.4,30,feature,1
216,7,5,0,27.7,122,hotfix,0
110,8,5,0,2.1,17,hotfix,0
44,4,1,1,12.8,51,feature,1
347,12,1,0,35.3,58,release,0
511,13,3,0,8.2,66,feature,0
155,5,2,0,13.9,15,feature,0
263,10,7,0,36.0,181,feature,0
353,11,2,0,10.4,30,feature,0
312,12,3,0,19.9,8,feature,1
177,10,2,1,1.5,92,hotfix,1
174,12,3,0,12.6,286,hotfix,0
159,9,4,1,3.0,6,feature,0
27,5,2,0,14.9,145,hotfix,0
195,10,0,0,4.4,71,release,1
20,4,3,0,2.8,16,feature,0
38,4,1,0,9.4,58,hotfix,0
378,16,4,0,19.0,236,release,0
227,7,4,0,29.0,197,hotfix,1
462,10,6,0,3.1,429,feature,0
67,7,3,0,3.3,127,hotfix,0
25,4,3,0,114.7,42,hotfix,1
69,8,1,0,10.3,143,feature,0
101,11,2,0,6.0,34,feature,0
98,5,1,0,3.0,63,feature,0
313,12,3,0,16.4,34,feature,0
60,4,3,0,5.7,126,feature,0
133,6,1,1,10.2,117,feature,1
30,6,1,0,0.1,37,hotfix,1
148,6,2,0,2.1,170,hotfix,0
90,7,1,0,1.7,213,feature,0
39,5,1,0,7.2,43,feature,0
69,8,2,0,11.5,100,feature,0
74,9,1,0,5.2,224,feature,0
67,4,3,0,3.0,93,feature,0
632,16,4,0,8.3,52,feature,0
81,9,3,0,32.8,65,release,0
69,4,1,0,8.7,42,feature,0
9,4,2,0,3.3,174,feature,0
34,6,3,0,4.2,158,hotfix,0
67,4,2,0,6.2,33,feature,0
42,4,1,0,0.7,40,feature,1
412,18,5,0,5.6,13,feature,0
75,4,4,0,7.4,112,feature,0
371,10,2,0,36.7,20,feature,1
96,8,2,0,30.0,315,hotfix,1
94,4,1,0,10.3,29,feature,0
82,6,2,1,6.8,6,hotfix,1
90,4,1,0,3.6,19,feature,0
596,15,2,1,6.7,90,hotfix,1
7,1,3,1,1.1,64,feature,0
10,5,3,0,3.2,28,feature,0
50,6,1,0,10.3,61,feature,0
91,5,1,0,46.6,38,feature,1
192,7,1,1,25.1,109,feature,1
151,6,3,0,24.4,21,feature,1
59,5,4,0,13.8,79,feature,0
276,15,2,0,48.7,82,feature,1
280,12,3,0,5.5,66,feature,1
110,6,2,0,1.6,99,feature,0
260,8,3,0,2.4,61,feature,0
121,9,4,0,0.5,125,feature,0
49,6,4,0,8.0,66,feature,0
194,6,1,1,20.6,180,feature,1
102,6,0,0,6.4,79,feature,1
90,11,3,0,20.2,171,feature,0
455,14,2,0,9.9,39,release,0
6,4,5,0,3.3,24,hotfix,1
19,2,1,0,7.4,124,feature,0
24,6,4,0,0.5,67,feature,0
60,6,3,0,2.6,3,feature,0
68,5,0,0,24.6,32,feature,1
17,7,1,1,19.9,90,feature,0
30,7,3,0,29.2,62,feature,0
35,3,3,0,14.2,31,feature,0
1344,27,4,0,2.7,67,feature,0
653,13,4,0,48.9,77,hotfix,1
57,4,0,1,1.6,8,feature,1
60,3,0,0,6.2,168,hotfix,1
25,3,1,0,0.8,198,release,0
11,6,1,0,7.9,32,feature,0
79,7,3,0,1.4,279,hotfix,0
30,5,2,0,3.5,63,hotfix,0
82,5,2,0,18.8,36,feature,0
15,2,5,0,4.2,35,feature,0
39,4,2,0,0.3,265,hotfix,0
106,7,2,0,14.5,22,feature,0
135,7,1,0,6.3,79,feature,0
142,12,4,0,3.2,87,feature,1
21,9,3,0,8.9,125,feature,0
230,8,1,0,6.6,73,feature,0
37,4,2,1,20.4,251,release,0
181,6,3,1,12.1,287,feature,0
89,3,3,0,6.0,209,feature,0
20,3,0,0,1.5,95,feature,0
64,6,2,0,3.1,147,feature,0
135,9,1,0,9.2,51,hotfix,1
177,7,1,0,18.1,173,feature,0
77,17,5,0,15.2,38,feature,0
485,10,0,0,7.4,26,feature,1
273,6,1,1,20.6,25,release,1
68,16,4,0,4.1,112,release,0
205,5,0,0,1.0,228,feature,1
755,16,1,0,19.5,242,feature,1
778,16,5,1,17.4,154,feature,1
23,6,1,0,2.6,24,release,0
32,4,1,1,3.2,372,hotfix,1
461,14,4,1,33.0,16,feature,1
28,8,2,0,17.5,8,hotfix,1
21,2,2,0,4.1,156,feature,0
53,4,3,0,3.1,48,feature,0
143,9,0,0,34.5,45,feature,1
80,9,0,0,15.9,31,feature,0
44,6,3,0,1.4,37,feature,0
43,6,3,0,1.2,162,feature,0
41,10,2,0,7.4,25,hotfix,0
34,4,3,0,16.2,60,release,0
1107,23,3,0,10.3,22,feature,0
125,11,1,0,6.1,76,feature,0
239,13,2,0,21.6,44,hotfix,1
53,5,4,0,10.6,104,feature,0
73,4,2,0,16.8,116,hotfix,0
41,5,0,0,0.5,231,feature,0
5,4,1,0,16.5,355,feature,0
20,3,3,0,22.2,35,hotfix,0
12,3,2,0,30.7,127,feature,0
8,9,2,1,6.5,44,feature,1
24,6,5,0,20.0,113,feature,0
387,10,2,0,2.0,109,hotfix,1
86,4,2,0,18.8,106,release,0
372,9,5,0,1.3,135,feature,0
141,4,1,1,27.2,80,feature,1
213,9,4,1,19.5,48,feature,1
33,3,2,0,1.7,77,feature,0
160,8,4,0,3.6,335,feature,0
201,10,2,0,0.7,39,feature,0
48,6,0,1,14.8,52,feature,1
167,6,5,0,27.7,32,feature,1
168,5,2,1,12.9,6,feature,1
49,3,1,0,4.0,66,feature,0
26,9,2,0,7.5,119,feature,0
24,6,2,0,35.6,27,feature,1
99,5,2,0,24.6,204,feature,0
129,8,2,0,19.2,101,feature,0
38,8,0,0,19.2,163,feature,0
93,4,6,0,81.9,93,feature,1
169,8,3,0,4.2,60,feature,0
178,8,2,0,20.3,49,feature,0
496,18,3,0,1.8,90,feature,0
367,10,1,0,5.7,97,feature,0
30,3,2,0,7.2,42,feature,0
574,15,1,1,2.3,59,feature,1
50,7,2,1,10.1,288,feature,0
284,10,3,0,14.0,78,feature,0
97,12,4,0,16.1,85,hotfix,0
57,5,3,0,21.0,238,feature,0
12,5,2,0,8.9,98,release,0
75,3,0,0,10.0,69,feature,0
16,3,1,0,3.1,159,hotfix,0
261,7,2,0,32.6,132,hotfix,1
477,12,4,0,5.4,87,feature,0
37,3,3,0,1.0,94,feature,0
125,8,2,1,7.2,53,feature,1
41,3,1,0,10.6,20,feature,0
45,15,4,1,34.8,117,feature,1
211,6,4,0,2.8,12,release,0
86,6,1,0,11.7,22,hotfix,0
610,14,3,1,7.2,58,release,1
53,3,0,0,1.4,52,hotfix,0
270,8,1,0,8.2,127,hotfix,0
100,6,1,0,0.7,155,hotfix,0
216,11,0,0,16.2,319,feature,0
55,6,2,0,1.2,9,hotfix,0
85,7,4,0,8.0,105,feature,0
79,8,5,0,6.7,102,feature,0
36,7,4,0,38.3,91,feature,0
186,8,2,0,7.9,117,feature,0
184,6,3,0,3.9,138,release,0
173,8,5,0,13.7,209,feature,0
488,11,2,0,1.4,94,feature,0
443,11,2,0,6.3,259,feature,0
60,5,2,1,4.2,94,feature,1
136,6,0,0,74.7,46,feature,1
45,3,2,0,2.6,87,feature,0
92,3,2,0,36.7,29,feature,0
47,4,1,0,1.9,31,feature,0
535,17,2,0,5.9,63,feature,0
134,7,4,0,2.4,54,feature,0
71,9,1,0,15.3,205,feature,0
335,8,3,0,20.8,62,hotfix,1
8,3,1,0,3.2,25,hotfix,0
10,15,1,0,12.8,73,hotfix,0
216,6,1,0,14.4,93,feature,0
96,8,1,0,6.8,81,feature,0
119,8,1,0,11.6,23,release,0
21,6,2,0,7.7,222,release,0
88,7,3,0,27.2,8,feature,1
816,16,2,0,4.0,80,feature,0
223,7,2,0,2.0,23,feature,0
108,3,3,1,14.3,167,feature,0
56,11,1,0,8.6,106,release,0
58,7,2,0,16.1,93,release,1
9,3,1,0,2.1,57,release,0
120,5,2,0,8.7,208,feature,0
228,12,2,0,0.3,57,feature,0
16,3,1,0,6.0,277,hotfix,0
43,4,2,0,6.4,30,feature,0
25,3,2,0,7.6,74,feature,0
31,7,1,0,14.1,135,feature,0
95,9,1,0,0.1,112,feature,0
9,4,2,0,51.0,69,feature,0
177,11,3,1,9.8,10,hotfix,1
206,9,5,0,31.8,84,feature,1
68,3,2,0,4.7,51,feature,0
6,9,1,1,2.6,40,feature,0
30,3,4,0,2.6,141,feature,0
349,10,4,0,17.2,7,feature,0
4,4,2,0,2.1,71,feature,0
61,4,2,0,17.7,113,hotfix,0
25,2,0,1,0.4,142,feature,0
218,16,0,1,14.0,83,feature,1
43,2,2,0,1.3,46,feature,0
140,12,1,0,13.7,205,feature,0
168,5,0,0,1.0,216,feature,0
678,14,2,1,1.3,98,feature,0
72,10,2,0,17.7,241,feature,0
136,8,1,0,21.1,30,feature,0
18,2,0,0,9.9,65,feature,0
333,7,2,0,7.8,3,feature,1
39,6,2,0,9.1,21,feature,0
49,3,0,1,13.4,18,feature,1
88,7,1,0,4.6,112,feature,0
16,6,1,0,4.2,22,feature,0
116,5,4,0,27.6,37,hotfix,1
261,8,3,1,14.9,42,feature,1
124,7,1,0,5.1,16,release,0
16,3,2,0,2.0,78,feature,0
79,6,2,0,14.6,91,feature,0
204,18,3,0,22.9,11,feature,0
11,6,1,0,15.1,127,feature,0
28,4,3,1,15.2,28,release,1
236,17,7,0,9.7,41,release,0
121,9,1,0,0.3,107,hotfix,0
142,5,1,0,0.7,41,feature,0
696,14,2,1,1.5,21,release,1
151,4,2,0,3.5,74,feature,0
186,8,4,0,17.4,168,hotfix,0
1775,31,5,0,1.5,152,feature,1
71,15,4,1,0.9,37,release,1
37,4,0,1,3.2,25,feature,1
144,10,3,0,2.6,32,feature,1
146,6,2,0,9.3,154,release,0
50,6,5,0,0.6,31,feature,0
29,4,3,0,6.1,232,release,0
1142,24,2,0,27.5,105,feature,1
129,11,1,1,13.0,66,feature,1
40,12,2,0,39.1,37,hotfix,1
247,15,10,0,15.6,75,feature,0
80,23,8,0,3.9,21,hotfix,0
68,4,3,0,18.1,12,feature,0
167,8,1,0,19.6,106,feature,0
22,3,2,0,12.7,66,feature,0
133,11,2,0,18.0,131,feature,0
738,15,2,0,34.2,88,hotfix,0
150,11,1,0,8.4,36,hotfix,1
60,6,6,0,1.3,152,feature,0
52,5,1,0,6.0,41,feature,0
57,5,2,0,1.5,187,feature,0
68,3,3,0,49.7,39,feature,1
59,3,1,0,1.4,15,hotfix,1
247,9,2,0,3.3,214,feature,0
13,5,1,0,11.7,38,feature,0
232,7,2,0,17.3,41,feature,0
59,5,2,0,18.5,15,feature,0
136,8,1,1,11.1,61,hotfix,1
26,3,3,0,2.2,18,feature,0
388,8,4,0,6.9,204,feature,0
354,16,2,0,29.1,47,feature,0
259,9,2,0,8.7,26,feature,0
17,4,3,0,0.2,71,feature,0
224,7,1,0,9.2,349,hotfix,0
141,5,1,0,0.3,74,feature,0
15,9,1,0,10.5,54,feature,0
88,3,1,0,50.8,70,feature,1
134,8,3,0,8.5,136,hotfix,0
166,8,3,0,11.2,126,feature,0
109,9,3,1,16.5,86,feature,1
124,6,1,0,3.9,157,hotfix,0
455,17,4,0,1.3,73,feature,0
347,13,1,0,12.3,59,hotfix,1
4,3,1,0,4.9,72,hotfix,0
63,4,3,0,10.6,40,hotfix,0
75,5,2,0,5.0,139,feature,0
13,4,0,0,29.2,38,feature,1
100,4,4,0,9.9,5,hotfix,0
356,10,2,0,11.3,94,feature,0
27,4,0,0,1.6,31,feature,1
130,13,0,0,6.8,129,feature,0
33,4,3,0,13.5,67,feature,0
43,4,2,1,8.0,138,feature,1
457,12,2,0,3.8,6,release,0
50,6,3,1,15.6,37,feature,1
150,8,1,1,35.2,25,feature,1
11,5,2,0,2.4,400,release,0
698,16,3,0,16.3,44,feature,0
175,7,3,0,0.2,11,feature,0
74,7,3,0,0.8,92,feature,0
170,5,1,0,17.9,23,feature,0
19,3,0,0,0.5,149,feature,0
331,7,5,0,0.6,170,feature,0
63,4,3,1,4.8,25,feature,1
72,9,1,0,16.2,32,feature,0
52,7,2,0,0.1,85,feature,0
48,12,1,0,17.4,153,feature,0
193,13,7,0,38.5,94,feature,0
119,8,1,0,6.2,44,feature,0
184,8,0,0,14.5,15,feature,1
89,6,1,0,35.7,248,hotfix,1
158,4,2,1,0.9,96,feature,1
57,5,3,0,17.1,289,hotfix,0
1046,21,6,0,1.8,108,feature,0
16,3,4,0,11.7,261,feature,0
360,11,2,0,8.1,29,feature,0
405,11,0,0,2.1,32,feature,1
35,5,2,0,2.1,56,feature,0
1045,20,5,0,24.1,27,hotfix,1
269,12,0,0,3.5,9,hotfix,1
262,8,0,0,14.0,36,release,0
93,7,1,0,1.2,106,release,0
71,5,2,0,20.2,17,feature,0
71,2,1,0,5.8,20,feature,0
138,8,2,0,15.0,38,feature,0
420,11,7,0,5.8,23,feature,0
110,4,5,0,1.6,40,hotfix,0
33,3,2,0,28.8,60,feature,0
223,11,2,0,0.3,19,feature,0
248,6,3,1,27.1,39,feature,1
185,6,0,1,10.0,66,hotfix,1
204,16,2,0,7.8,28,feature,0
67,7,2,0,25.8,15,hotfix,1
32,7,0,0,12.6,30,feature,0
35,4,1,1,50.6,47,feature,1
15,2,0,0,26.6,8,feature,0
117,7,2,0,16.4,108,hotfix,0
82,4,2,0,10.3,49,hotfix,0
55,3,0,1,26.6,31,feature,1
3,5,1,0,5.5,10,feature,0
23,3,2,0,1.0,96,feature,0
309,9,3,0,1.2,171,feature,0
43,4,4,0,23.0,37,feature,0
134,6,4,0,7.6,270,feature,0
19,3,2,0,12.0,63,feature,0
438,11,2,1,2.3,65,hotfix,1
77,11,6,0,5.7,134,hotfix,0
124,9,3,0,37.8,101,hotfix,1
1163,23,3,0,8.9,17,release,0
477,17,1,0,4.5,36,release,1
64,6,3,0,0.8,153,feature,0
47,9,1,0,4.1,103,feature,0
63,3,2,0,11.2,272,feature,0
158,5,0,0,9.2,90,hotfix,1
80,6,2,0,7.4,106,feature,0
58,5,1,0,24.6,30,feature,1
452,12,2,0,7.6,169,feature,0
79,7,4,0,2.3,3,feature,0
1130,24,3,0,4.3,76,feature,0
99,9,3,0,18.7,108,hotfix,0
642,18,2,0,0.8,84,feature,1
133,5,1,0,28.6,63,hotfix,1
260,6,1,0,7.5,57,feature,0
41,3,0,1,15.7,66,hotfix,0
35,3,4,1,63.3,21,feature,1
149,7,0,0,11.2,84,feature,0
267,9,1,0,6.6,31,release,0
94,5,5,0,0.5,37,release,0
22,6,3,0,6.9,18,hotfix,0
20,16,3,0,8.8,465,release,0
19,4,1,0,5.0,79,feature,0
13,5,1,0,12.0,13,feature,0
102,6,2,0,0.9,72,feature,0
310,8,1,0,23.3,168,hotfix,0
89,7,3,0,10.7,83,hotfix,1
7,4,3,0,6.8,62,release,0
73,4,0,0,6.0,28,hotfix,0
75,4,0,0,14.4,83,feature,1
903,22,6,0,12.5,123,feature,0
18,6,2,0,1.0,124,feature,0
59,4,5,0,14.7,77,feature,0
588,15,3,1,0.9,76,hotfix,1
148,7,1,0,6.1,190,feature,0
167,8,4,0,5.1,174,release,0
102,5,0,0,8.6,54,feature,0
129,4,1,0,14.5,254,feature,0
212,7,2,0,10.9,14,hotfix,1
37,3,2,0,1.1,80,feature,0
236,6,4,0,19.8,87,hotfix,0
20,2,3,1,19.6,26,feature,1
129,3,1,1,10.7,10,feature,1
110,5,2,0,2.9,27,feature,1
46,9,5,0,2.6,143,feature,0
88,8,4,0,33.4,147,hotfix,0
45,11,1,0,2.1,117,release,0
28,3,4,1,11.0,31,hotfix,1
61,7,1,0,33.1,148,feature,0
27,4,0,0,4.1,34,release,0
128,5,3,1,2.0,84,feature,1
25,8,3,0,4.1,65,feature,0
197,7,1,0,21.3,45,hotfix,0
25,2,0,0,25.2,112,release,0
